Libro;Link
A_QUE_TE_COJO_RATON.pdf;https://firebasestorage.googleapis.com/v0/b/secretos-101.appspot.com/o/A_QUE_TE_COJO_RATON.pdf?alt=media&token=5651b64c-b138-45e2-bf0a-5cf95fccf92f
CALOR_DE_HOGAR.pdf;https://firebasestorage.googleapis.com/v0/b/secretos-101.appspot.com/o/CALOR_DE_HOGAR.pdf?alt=media&token=64db1ae5-4dd9-485d-9d10-e9fc8180d67f
CON_LOS_PELOS_DE_PUNTA.pdf;https://firebasestorage.googleapis.com/v0/b/secretos-101.appspot.com/o/CON_LOS_PELOS_DE_PUNTA.pdf?alt=media&token=a9ffd9a1-6c0e-4bf8-bea9-cedc70123804
CUENTOS_MARAVILLOSOS.pdf;https://firebasestorage.googleapis.com/v0/b/secretos-101.appspot.com/o/CUENTOS_MARAVILLOSOS.pdf?alt=media&token=94dfdf15-fb3a-48ee-a209-9d4520f41d4e
CUENTOS_PARA_CONTAR.pdf;https://firebasestorage.googleapis.com/v0/b/secretos-101.appspot.com/o/CUENTOS_PARA_CONTAR.pdf?alt=media&token=97ad5a5f-ad41-4ff1-beb0-ca5fde73056a
CUENTOS_PARA_DESENREDAR_ENREDOS.pdf;https://firebasestorage.googleapis.com/v0/b/secretos-101.appspot.com/o/CUENTOS_PARA_DESENREDAR_ENREDOS.pdf?alt=media&token=e92501f9-62b9-4ef3-a18a-3309da1d0697
CUENTOS_Y_PASATIEMPOS.pdf;https://firebasestorage.googleapis.com/v0/b/secretos-101.appspot.com/o/CUENTOS_Y_PASATIEMPOS.pdf?alt=media&token=8989d91d-de50-4174-ad7c-13be5e9db443
DEL_CAMPO_A_LA_MESA.pdf;https://firebasestorage.googleapis.com/v0/b/secretos-101.appspot.com/o/DEL_CAMPO_A_LA_MESA.pdf?alt=media&token=4d898ecd-acb9-4561-88ed-884bc00971cd
EL_HOMBRE_Y_SU_CULTURA.pdf;https://firebasestorage.googleapis.com/v0/b/secretos-101.appspot.com/o/EL_HOMBRE_Y_SU_CULTURA.pdf?alt=media&token=a2f36d1f-00e5-41fa-91c2-511bc2efc785
ENTRE_CUENTO_Y_CUENTO.pdf;https://firebasestorage.googleapis.com/v0/b/secretos-101.appspot.com/o/ENTRE_CUENTO_Y_CUENTO.pdf?alt=media&token=5a2a79d4-7f1d-4910-b214-4d416f288321
ERASE_UNA_VEZ_EN_COLOMBIA.pdf;https://firebasestorage.googleapis.com/v0/b/secretos-101.appspot.com/o/ERASE_UNA_VEZ_EN_COLOMBIA.pdf?alt=media&token=a33124a4-5dc4-4984-8777-a81e2c6eacd7
HISTORIAS_Y_LUGARES.pdf;https://firebasestorage.googleapis.com/v0/b/secretos-101.appspot.com/o/HISTORIAS_Y_LUGARES.pdf?alt=media&token=44aca795-084d-4d69-8f23-d33dd786adf0
LA_CASA_Y_EL_CAMPO.pdf;https://firebasestorage.googleapis.com/v0/b/secretos-101.appspot.com/o/LA_CASA_Y_EL_CAMPO.pdf?alt=media&token=e801ce5b-166b-41eb-942e-58bd15723401
LA_FINCA_VIVA.pdf;https://firebasestorage.googleapis.com/v0/b/secretos-101.appspot.com/o/LA_FINCA_VIVA.pdf?alt=media&token=3f630cbd-c625-4c4e-9cc4-0d2c3e581550
LA_TIERRA_EL_CIELO_Y_MAS_ALLA.pdf;https://firebasestorage.googleapis.com/v0/b/secretos-101.appspot.com/o/LA_TIERRA_EL_CIELO_Y_MAS_ALLA.pdf?alt=media&token=5537dd61-fb85-4cfc-9d62-d53d562b6baf
LECTURAS_PARA_TODOS_LOS_DIAS.pdf;https://firebasestorage.googleapis.com/v0/b/secretos-101.appspot.com/o/LECTURAS_PARA_TODOS_LOS_DIAS.pdf?alt=media&token=5185ebb1-363b-4938-a58e-6d293a8ca9d3
LITERATURA_FANTASTICA.pdf;https://firebasestorage.googleapis.com/v0/b/secretos-101.appspot.com/o/LITERATURA_FANTASTICA.pdf?alt=media&token=705fabc9-501e-4821-99d4-36d37ad880a4
LOS_PRIMEROS_ANOS.pdf;https://firebasestorage.googleapis.com/v0/b/secretos-101.appspot.com/o/LOS_PRIMEROS_ANOS.pdf?alt=media&token=f4f0a959-b5e1-4e09-b115-dd4d73a374f9
LOS_SECRETOS_DE_LAS_PLANTAS.pdf;https://firebasestorage.googleapis.com/v0/b/secretos-101.appspot.com/o/LOS_SECRETOS_DE_LAS_PLANTAS.pdf?alt=media&token=0d9b37ae-3c09-47cc-9a59-3bf257ef8440
LOS_SECRETOS_DE_LOS_ANIMALES.pdf;https://firebasestorage.googleapis.com/v0/b/secretos-101.appspot.com/o/LOS_SECRETOS_DE_LOS_ANIMALES.pdf?alt=media&token=3c8a1775-b12e-4005-90ac-3cd54449d3bd
LOS_VIAJES_DEL_VIEJO_JACOBO.pdf;https://firebasestorage.googleapis.com/v0/b/secretos-101.appspot.com/o/LOS_VIAJES_DEL_VIEJO_JACOBO.pdf?alt=media&token=4eaf8202-d38b-4062-bb69-9bb81976e9d0
MAS_CLARO_NO_CANTA_UN_GALLO.pdf;https://firebasestorage.googleapis.com/v0/b/secretos-101.appspot.com/o/MAS_CLARO_NO_CANTA_UN_GALLO.pdf?alt=media&token=5de2738f-9faa-45ab-8d63-b9bc1d63000a
PLANETA_VIVO.pdf;https://firebasestorage.googleapis.com/v0/b/secretos-101.appspot.com/o/PLANETA_VIVO.pdf?alt=media&token=8e9489a3-0c24-4b80-a13a-f9665983730f
SALUD_PARA_CONTAR.pdf;https://firebasestorage.googleapis.com/v0/b/secretos-101.appspot.com/o/SALUD_PARA_CONTAR.pdf?alt=media&token=45e5b090-003a-4165-b4b9-de9770d9b053
TAN_DISTINTOS_Y_PARIENTES.pdf;https://firebasestorage.googleapis.com/v0/b/secretos-101.appspot.com/o/TAN_DISTINTOS_Y_PARIENTES.pdf?alt=media&token=01562841-831e-4850-90d0-dc30e21f2e48
TIEMPO_DE_HACER.pdf;https://firebasestorage.googleapis.com/v0/b/secretos-101.appspot.com/o/TIEMPO_DE_HACER.pdf?alt=media&token=c0c09793-8eb5-4e76-88dd-b17693c82378
TODO_LO_CONTRARIO.pdf;https://firebasestorage.googleapis.com/v0/b/secretos-101.appspot.com/o/TODO_LO_CONTRARIO.pdf?alt=media&token=c3706b94-ea39-4f7d-bc0b-5f4bb19efbd9
